"","TrueCoef","Lower95","Median","Upper95","Mean","SD","Mode","MCerr","MC%ofSD","SSeff","AC.10","psrf","MCMC.mode"
"beta[1]",2.50412351218984,0,2.319915,2.58893,1.97261504629562,0.879627074769949,NA,0.00491852180704191,0.6,31984,0.481976685141983,1.62477165834677,2.36044462889203
"beta[2]",1.03822493750572,0,1.05926,1.31324,0.91628514709875,0.423652268203133,NA,0.00231035726652437,0.5,33625,0.44152459499596,1.55293968293145,1.09324059103224
"beta[3]",1.23499299776926,0,1.13793,1.39922,0.981212480666625,0.454671660536037,NA,0.00236059241590082,0.5,37098,0.444472291298269,1.57103177161816,1.1725028644397
"beta[4]",-9.88789720418763,-10.1823,-9.946105,0,-8.4530369483615,3.50942441011835,NA,0.0195310621530527,0.6,32286,0.496138717190205,1.65289929773816,-9.9911604610231
"beta[5]",7.5347436294453,0,7.5202,7.84948,6.368751336075,2.74159162873854,NA,0.0141945198004324,0.5,37305,0.497779220369973,1.6919909722462,7.54607565306223
"beta[6]",0,0,0,0,0.000822467011375001,0.0273963936454709,NA,0.000111448294805667,0.4,60428,0.178695407798388,1.28880936655391,0
"beta[7]",0,0,0,0,-1.9447892425e-05,0.0101258894668793,NA,4.02203606537747e-05,0.4,63383,-2.28764787832288e-05,1.26285902986943,0
"beta[8]",0,0,0,0,0.000187909697725,0.0155149871884043,NA,6.65948039501655e-05,0.4,54278,0.00251820872489189,1.2234006769364,0
"beta[9]",0,-1.322,0,0,-0.0981081053733749,0.418500328528785,NA,0.00174242989832068,0.4,57687,0.245968806869343,1.44355854818095,0
"beta[10]",0,0,0,0,-0.015281947985875,0.15565134652537,NA,0.000635360879307116,0.4,60016,0.238669705864192,1.31417567663432,0
"beta[11]",0,-3.33495,0,0,-0.361503895498875,1.03367368660638,NA,0.00442529863801494,0.4,54561,0.247511358257275,1.71839168467291,0
"beta[12]",0,0,0,0,0.0002441396188625,0.0125847467583942,NA,5.0692646834423e-05,0.4,61631,0.0626736658903186,1.24505462833838,0
"beta[13]",0,0,0,0,-0.00011870316875,0.0109114498320441,NA,4.39568080807811e-05,0.4,61619,0.0653562867712277,1.26567255923653,0
"beta[14]",0,0,0,0,0.02755430855125,0.213756719843939,NA,0.000927221103310792,0.4,53146,0.241817916257972,1.33190115362363,0
"beta[15]",0,0,0,0,0.000143638517675,0.0158075771955195,NA,7.49916699227724e-05,0.5,44433,0.111144804125366,1.13803619678719,0
"beta[16]",0,0,0,0,0.001217886045,0.032713881598062,NA,0.000130071478778774,0.4,63256,0.216296387258669,1.28887460733367,0
"beta[17]",0,0,0,0,-0.0004104992129375,0.0198444202082536,NA,8.05113697709856e-05,0.4,60752,0.132647836464855,1.28075098330485,0
"beta[18]",0,0,0,0,3.965173025e-05,0.00802292683698901,NA,3.10011729213915e-05,0.4,66974,-5.56399787524984e-05,1.26226350818284,0
"beta[19]",0,0,0,0,0.000840088015,0.0291007738208522,NA,0.000138098274907971,0.5,44405,0.190133590852578,1.27905913066659,0
"beta[20]",0,0,0,0,-0.00560637132625,0.0867753700863624,NA,0.000386999506393319,0.4,50277,0.233658963841769,1.29966135989966,0
"beta[21]",0,0,0,0,0.0003020461825,0.0197643355172005,NA,9.12933603450917e-05,0.5,46869,0.0637459320669302,1.26224773555301,0
"beta[22]",0,0,0,0,6.110998e-05,0.00546396447418025,NA,2.13740440503445e-05,0.4,65350,-0.000228320565139147,1.07768830308561,0
"beta[23]",0,0,0,0,0.001976331494625,0.042900593523117,NA,0.000175001413150332,0.4,60096,0.207121950083728,1.29501142866519,0
"beta[24]",0,0,0,0,-0.00112059051125,0.0336486174557472,NA,0.000168382534727966,0.5,39934,0.220260339863592,1.28241265032448,0
"beta[25]",0,0,0,0,0.00019087027675,0.0121702702072151,NA,5.27011266134438e-05,0.4,53329,-0.000267680869808997,1.03309742960819,0
"beta[26]",0,0,0,0,8.10838875e-05,0.0220112279767851,NA,9.40362162903499e-05,0.4,54790,0.0777830556131594,1.2751852030944,0
"beta[27]",0,0,0,0,5.10815005e-05,0.0101318780530903,NA,4.54387252861405e-05,0.4,49720,0.0370685774914988,1.18775364582042,0
"beta[28]",0,0,0,0,-0.0001052387785,0.00960660563682005,NA,4.26602718054225e-05,0.4,50710,-0.0002049859006746,1.21806926600249,0
"beta[29]",0,0,0,0,-0.081541145370625,0.436869091220713,NA,0.00237609335576533,0.5,33805,0.321355516036822,1.38116797193944,0
"beta[30]",0,0,0,0,0.0001767760320625,0.0189765826001507,NA,8.78126289331482e-05,0.5,46701,0.13413707024848,1.19102494992262,0
"beta[31]",0,0,0,0,0.0017486055102125,0.0521090948123428,NA,0.000231686559397483,0.4,50585,0.241943184795256,1.2843711234971,0
"beta[32]",0,0,0,0,0.019948580955,0.170553867867542,NA,0.000696239653542692,0.4,60008,0.240815010646466,1.32455591978586,0
"beta[33]",0,0,0,0,0.0001281887759,0.0111922992998457,NA,4.77757034985681e-05,0.4,54881,0.00632208826570797,1.27748246732981,0
"beta[34]",0,0,0,0,0.0004809288225,0.0195775206443486,NA,8.53343769816077e-05,0.4,52634,0.0941858842786483,1.26034302657076,0
"beta[35]",0,0,0,0,-0.002689545018,0.0447233755601632,NA,0.000191563550530432,0.4,54506,0.190484322841578,1.29419176701974,0
"beta[36]",0,0,0,0,0.0017132131495,0.0414448806162833,NA,0.000169043940742381,0.4,60109,0.207732152232252,1.29367874481396,0
"beta[37]",0,0,0,0,-0.0002961503064,0.0166308806424261,NA,6.97591077812072e-05,0.4,56837,0.101542394810684,1.24253477751766,0
"beta[38]",0,0,0,0,-0.0001344824825375,0.0202370272904753,NA,9.45603280781555e-05,0.5,45801,0.147993217565784,1.12961520820276,0
"beta[39]",0,0,0,0,-0.000259467418675,0.0118983628683267,NA,7.30036733860209e-05,0.6,26563,-0.0100839333429168,1.13350520422913,0
"beta[40]",0,0,0,0,-0.032079075767625,0.268699904096724,NA,0.00129765174560368,0.5,42876,0.248118181967235,1.32545518653153,0
"beta[41]",0,0,0,4.08001,0.4996915958475,1.30240324741938,NA,0.00650786152191861,0.5,40051,0.473622405431622,1.83766778418949,0
"beta[42]",0,0,0,0,-0.0276304671075,0.191897149004588,NA,0.00078331708285891,0.4,60015,0.238913630681865,1.34288378557483,0
"beta[43]",0,0,0,0,-0.00017820705716875,0.0156145748680415,NA,7.47365205072778e-05,0.5,43651,0.153596955039646,1.13881224325734,0
"beta[44]",0,0,0,0,0.001990535869125,0.0471344000669116,NA,0.00019552330075466,0.4,58114,0.213504664533598,1.29113050038177,0
"beta[45]",0,0,0,0,-2.2352471e-05,0.0145203736730544,NA,5.78872725477653e-05,0.4,62920,0.0129858505704639,1.27377600201736,0
"beta[46]",0,0,0,0,0.001030901607125,0.0298044624444246,NA,0.00011693927884966,0.4,64959,0.158198317181831,1.28544932897924,0
"beta[47]",0,0,0,0,-0.0001864036105,0.0240123009373365,NA,0.000109514005926935,0.5,48076,0.103556977765776,1.22815801160541,0
"beta[48]",0,0,0,0,0.00034574981325,0.0182526819691447,NA,7.38461013465768e-05,0.4,61094,0.124767977177995,1.28195433970259,0
"beta[49]",0,0,0,0,-6.619252025e-05,0.0110809536522974,NA,4.38445215979506e-05,0.4,63874,-6.71795593413321e-05,1.27550835797859,0
"beta[50]",0,0,0,0,-0.001432975211125,0.0460024853242803,NA,0.000199737161006567,0.4,53045,0.203320872120001,1.28930605854549,0
"beta[51]",0,0,0,0,-0.00033531585,0.0187569997009894,NA,8.76339814108022e-05,0.5,45812,0.110911101250104,1.2689097530217,0
"beta[52]",0,0,0,0,0.0005711445802875,0.0203931812250193,NA,8.44896636847788e-05,0.4,58259,0.152671772175376,1.27156530152653,0
"beta[53]",0,0,0,0,0.000119832937875,0.00921948205503301,NA,3.79013660902401e-05,0.4,59170,-0.00129741097438061,1.13258940533342,0
"beta[54]",0,0,0,0,2.2696728375e-05,0.00586086595600007,NA,2.09874028290241e-05,0.4,77984,-0.000117231732570398,1.15178231664342,0
"beta[55]",0,0,0,0,0.0008545287875,0.0253175030484721,NA,0.00013017297469377,0.5,37827,0.0466470133849907,1.06377995003158,0
"beta[56]",0,0,0,0,0.00046834603,0.0135210796851003,NA,5.25744853836406e-05,0.4,66141,-0.00125607491146802,1.01761581092908,0
"beta[57]",0,0,0,0,2.01229061249999e-05,0.00888929806079628,NA,3.63450188558326e-05,0.4,59820,-0.000164782427893408,1.11074816907436,0
"beta[58]",0,0,0,0,-0.000434174409875,0.0159471256325449,NA,7.42797294600891e-05,0.5,46092,0.021852470842038,1.21310515100081,0
"beta[59]",0,0,0,0,-0.001229495584,0.051000791275552,NA,0.000241797611483122,0.5,44489,0.170932359525189,1.26917593203078,0
"beta[60]",0,0,0,0,0.097276552459125,0.458695659574064,NA,0.00224303022965648,0.5,41820,0.331189136184117,1.41149619998734,0
"beta[61]",0,0,0,0,0.0005033029775,0.0213121079845385,NA,0.000102595171639141,0.5,43152,0.130630721401691,1.13152206358191,0
"beta[62]",0,0,0,0,0.013380385146,0.129166542647309,NA,0.000589275537522702,0.5,48047,0.233911573207927,1.31471033803778,0
"beta[63]",0,0,0,0,0.00576167734975,0.0852161049205978,NA,0.000347831925177243,0.4,60021,0.231919742130515,1.30062609208169,0
"beta[64]",0,0,0,0,0.00036058862875,0.018154523392593,NA,8.01726222440671e-05,0.4,51276,0.0614213596949588,1.28071028338597,0
"beta[65]",0,0,0,0,-0.000153160015125,0.0137723872888482,NA,6.56615917964316e-05,0.5,43994,0.0569207504330016,1.13390698592031,0
"beta[66]",0,0,0,0,0.0001741756735,0.0114100699160279,NA,4.36401460661502e-05,0.4,68360,-0.000250695564855585,1.20409345344368,0
"beta[67]",0,0,0,0,0.002027554972875,0.0657111048199238,NA,0.000289433577092974,0.4,51544,0.204548132322062,1.25854570216585,0
"beta[68]",0,0,0,0,-4.03001215000001e-05,0.0104362112402293,NA,4.24541420151014e-05,0.4,60429,-0.000261082173460875,1.17487591930179,0
"beta[69]",0,0,0,0,0.00239651115175,0.0499807365605672,NA,0.000226334501199853,0.5,48765,0.197722525253927,1.29223346143167,0
"beta[70]",0,0,0,0,-0.000760238916325,0.0293057593464867,NA,0.000119164110514328,0.4,60480,0.197848214674645,1.28932196243227,0
"beta[71]",0,0,0,0,0.00013303566675,0.012680230968519,NA,5.89413880408436e-05,0.5,46282,0.0299987748705045,1.22296941111702,0
"beta[72]",0,0,0,0,8.10611385875e-05,0.00763577491362589,NA,2.80978379602962e-05,0.4,73852,-0.000144840392215789,1.22782453734132,0
"beta[73]",0,0,0,0,-0.0001741353475,0.0159627150243983,NA,7.33214887574303e-05,0.5,47397,0.113541863875678,1.17799364933925,0
"beta[74]",0,0,0,0,-0.0165483085179875,0.130609922319585,NA,0.000622032394256425,0.5,44089,0.236614625199782,1.32951232174947,0
"beta[75]",0,0,0,0,0.000441827007749999,0.0253222966807745,NA,0.000123440792058589,0.5,42081,0.226656295584044,1.16766440142676,0
"beta[76]",0,0,0,0,0.0010597562110875,0.0291598944347983,NA,0.000163330923026048,0.6,31874,0.192248882489955,1.27986745460341,0
"beta[77]",0,0,0,0,-8.900669875e-05,0.0172480819876363,NA,7.16950520964158e-05,0.4,57877,0.00194840156892834,1.25079650828196,0
"beta[78]",0,0,0,0,0.000194123327125,0.0151730970483327,NA,6.08092724695282e-05,0.4,62260,0.0104536045213929,1.27755879783431,0
"beta[79]",0,-0.00216352,0,1.101,0.121896932386125,0.54166705987861,NA,0.00221124923897266,0.4,60005,0.247104615573985,1.42970597742265,0
"beta[80]",0,0,0,0,9.6330717e-05,0.0152867214272983,NA,6.13830338464249e-05,0.4,62020,0.0293235308600806,1.28365993048966,0
"beta[81]",0,0,0,0,-5.41661637500002e-06,0.00959125177428915,NA,3.76351021534377e-05,0.4,64948,-0.000120380224911633,1.22451142634519,0
"beta[82]",0,0,0,0,0.00317399001975,0.0523715104305217,NA,0.000224317413354008,0.4,54508,0.233748258030901,1.29845119277995,0
"beta[83]",0,0,0,0,0.0001626224487,0.0144668925960188,NA,5.85901565527308e-05,0.4,60968,0.105718617606517,1.27209938162763,0
"beta[84]",0,0,0,0,0.00073307435375,0.0244579682690383,NA,0.000106821358308013,0.4,52423,0.111599725165711,1.27578405486278,0
"beta[85]",0,0,0,0,-1.455094825e-05,0.0122062548795295,NA,4.80961201702806e-05,0.4,64409,-4.5988759611874e-05,1.2636876617879,0
"beta[86]",0,0,0,0,-0.0001142820875,0.013889099167516,NA,5.74001545857004e-05,0.4,58549,0.0274151117574213,1.27717613258585,0
"beta[87]",0,0,0,0,0.047228396858125,0.229780724248812,NA,0.00102114892083515,0.4,50635,0.240512150213358,1.40351758426822,0
"beta[88]",0,0,0,0,7.74919419999999e-05,0.012071937049999,NA,5.32460469448622e-05,0.4,51402,0.0262240247258852,1.21962635228805,0
"beta[89]",0,0,0,0,0.0001401625315,0.0107886760123051,NA,4.86398885807421e-05,0.5,49198,0.0236462989861813,1.23433867247245,0
"beta[90]",0,0,0,0,0.000281297956875,0.0230255898958006,NA,9.34277114049691e-05,0.4,60739,0.133957767348574,1.27472958190285,0
"beta[91]",0,0,0,0,-0.00015177413125,0.0101429553034344,NA,4.0145992191127e-05,0.4,63833,-0.000402169858895153,1.11983336925623,0
"beta[92]",0,0,0,0,0.00063857421125,0.0244721240494768,NA,0.000107093431408449,0.4,52218,0.150890030502629,1.28641195396255,0
"beta[93]",0,0,0,0,-0.0003277467038,0.0198771594809675,NA,8.08087249970886e-05,0.4,60505,0.163192433619302,1.28266690331881,0
"beta[94]",0,0,0,0,-0.000811615946125,0.0392894123727931,NA,0.000187188726458229,0.5,44055,0.1967413530404,1.24007986061559,0
"beta[95]",0,0,0,5.63829,0.6533373198328,1.76894546121681,NA,0.00884458963872754,0.5,40001,0.248970116763816,1.79397505060668,0
"beta[96]",0,0,0,0,1.8518751125e-05,0.00726069469220128,NA,2.77781734012913e-05,0.4,68320,-2.03226114125514e-05,1.26257450345535,0
"beta[97]",0,0,0,0,0.0007064122154,0.024341178171808,NA,0.000112679425683647,0.5,46665,0.115649881156779,1.27967567453879,0
"beta[98]",0,0,0,0,-0.00059691981225,0.021407466618099,NA,9.44248197090166e-05,0.4,51399,0.19396116536765,1.28751539130643,0
"beta[99]",0,0,0,0,-0.000562598674125,0.021519200700368,NA,0.000107025692467675,0.5,40427,0.228346661918319,1.15649511275167,0
"beta[100]",0,0,0,0,0.00281400419125,0.0465766288627599,NA,0.000190002030474184,0.4,60092,0.193587481505181,1.29806390612916,0
"beta[101]",0,0,0,0,-0.000177044503,0.00967374696867122,NA,4.38508470371682e-05,0.5,48667,0.035745409574064,1.1313776038472,0
"beta[102]",0,0,0,0,2.5579967e-05,0.006435450079047,NA,2.62135443789436e-05,0.4,60271,-0.000121067215836869,1.17835540635098,0
"beta[103]",0,0,0,0,8.9933885e-06,0.00534607743081971,NA,2.04157559221435e-05,0.4,68571,-3.25327594970746e-05,1.22255630434996,0
"beta[104]",0,0,0,0,0.013383707265375,0.113444432111625,NA,0.000463035124157447,0.4,60026,0.230627819529667,1.32477188583693,0
"beta[105]",0,0,0,0,-0.00014083198225,0.0100867017885719,NA,3.97915900377144e-05,0.4,64256,-0.000209470055353815,1.2632529068776,0
"beta[106]",0,0,0,0,-6.236275425e-06,0.00809558882311887,NA,3.16301439874535e-05,0.4,65508,-9.65939190345987e-05,1.26502287038801,0
"beta[107]",0,0,0,0,-0.000302940164875,0.016243889813778,NA,6.56846750269102e-05,0.4,61158,0.0887003564509784,1.28210544762334,0
"beta[108]",0,0,0,0,8.06650837500002e-05,0.0147040717563917,NA,6.91712813627254e-05,0.5,45188,0.0261522065696827,1.1274412040768,0
"beta[109]",0,0,0,0,0.00141698017775,0.0439136461426606,NA,0.000215699732940986,0.5,41448,0.331509412803812,1.14887881287911,0
"beta[110]",0,0,0,0,3.04707925e-05,0.00659243663096145,NA,2.53241162643353e-05,0.4,67768,0.00115986778627861,1.25663885923713,0
"beta[111]",0,0,0,0,0.0004220595205,0.0206019254500473,NA,9.77348801239108e-05,0.5,44434,0.134925836199969,1.16915177567622,0
"beta[112]",0,-2.82102,0,0,-0.25917986166,0.855302710432593,NA,0.00379603122086964,0.4,50767,0.269554102615012,1.57825174775828,0
"beta[113]",0,0,0,0,5.9795207875e-05,0.0106800397430406,NA,4.33907216947848e-05,0.4,60583,-7.41623870191268e-05,1.22494680461651,0
"beta[114]",0,0,0,0,-0.000761195919375,0.0309796739409556,NA,0.000143769816199706,0.5,46432,0.147496328550516,1.26316042172107,0
"beta[115]",0,0,0,0,-0.00084052509925,0.0254415994058453,NA,0.000110251389325993,0.4,53250,0.177307311430668,1.28663267979363,0
"beta[116]",0,0,0,0,-0.000178028018375,0.00894914680989187,NA,3.49467851341897e-05,0.4,65577,-0.000374520274166188,1.12764134869593,0
"beta[117]",0,0,0,0,-3.729492275e-05,0.00733673834880551,NA,2.80654522868089e-05,0.4,68338,-7.71811187872756e-05,1.14209351979423,0
"beta[118]",0,-0.712322,0,0,-0.069925290553875,0.312488433011567,NA,0.00145088316345298,0.5,46388,0.241562017096791,1.42816597568153,0
"beta[119]",0,0,0,0,-0.005413051976375,0.1018607055418,NA,0.000502273050921872,0.5,41128,0.338596005507871,1.282601648391,0
"beta[120]",0,0,0,0,-1.813038625e-06,0.00685765026128516,NA,2.6237366987688e-05,0.4,68314,-4.26125289117134e-05,1.25076392763058,0
"beta[121]",0,0,0,0,0.014474615699875,0.148906474825655,NA,0.000607849456695076,0.4,60012,0.238996761158816,1.31386049115904,0
"beta[122]",0,0,0,0,-3.83554025e-06,0.00425969409400821,NA,1.52938299759708e-05,0.4,77575,-4.27419780120255e-05,1.1374660624368,0
"beta[123]",0,0,0,0,0.00044276052625,0.0164069691163209,NA,7.84653636392982e-05,0.5,43722,0.0896589960061247,1.24880832082592,0
"beta[124]",0,0,0,0,-0.04480322654575,0.286910930569531,NA,0.00141093191995026,0.5,41351,0.337776323005361,1.35240096902379,0
"beta[125]",0,0,0,0,0.000215507328875,0.0127887615179633,NA,5.90147831394589e-05,0.5,46961,0.00463036917990392,1.22894293055185,0
"beta[126]",0,0,0,0,0.0006503413444125,0.0282103830057894,NA,0.000118040662064824,0.4,57116,0.196836858805814,1.28793258585972,0
"beta[127]",0,0,0,0,-0.000730336640125,0.0288863413817519,NA,0.000139667043486673,0.5,42776,0.133554346404452,1.18443878560811,0
"beta[128]",0,0,0,0,9.33772305e-05,0.00878207168337993,NA,3.45877926712206e-05,0.4,64469,-8.95146222954808e-05,1.2664022439761,0
"beta[129]",0,0,0,0,-0.000489457557875,0.019405743195027,NA,8.35369154846199e-05,0.4,53964,0.115183533714757,1.27362299860215,0
"beta[130]",0,0,0,2.84086,0.28842332131125,0.895140483657849,NA,0.00365431274464264,0.4,60003,0.247616054166429,1.63006042610208,0
"beta[131]",0,0,0,0,-0.000342257780675,0.0152692905022934,NA,6.17934083114939e-05,0.4,61060,0.0613000963758341,1.2843799948589,0
"beta[132]",0,0,0,0,-0.000176248139625,0.014674336639151,NA,6.25172216380375e-05,0.4,55096,0.126618621378016,1.27021198511162,0
"beta[133]",0,0,0,0,0.00010608715825,0.0132731389213309,NA,5.57675859589464e-05,0.4,56648,0.0954078531682846,1.26261622649865,0
"beta[134]",0,0,0,0,-0.00021578174,0.0148073856059602,NA,6.4582333886941e-05,0.4,52569,0.0903067165689156,1.24903535679106,0
"beta[135]",0,0,0,4.34983,0.5134732191285,1.35128832765805,NA,0.00551653859759751,0.4,60002,0.24886809779203,1.84055520878215,0
"beta[136]",0,0,0,0,0.000430491467,0.0168259979695477,NA,7.60629158344174e-05,0.5,48935,0.127060526922287,1.26153661953037,0
"beta[137]",0,0,0,0,-0.000403127874625,0.0249631027778551,NA,0.000103016511401834,0.4,58720,0.085649459544012,1.24951656376365,0
"beta[138]",0,0,0,0,0.00020340685925,0.0176902359829079,NA,7.64990638743342e-05,0.4,53476,0.033899794345343,1.26631451932968,0
"beta[139]",0,0,0,0,0.0045874052015875,0.0813925456978475,NA,0.000365754690869591,0.4,49521,0.223968314974573,1.29728398729617,0
"beta[140]",0,0,0,0,-0.0108485562365,0.124638553358828,NA,0.000526097896839623,0.4,56127,0.238818313528371,1.30901958252268,0
"beta[141]",0,0,0,0,-0.000605494305,0.0269766972921084,NA,0.000134483882484465,0.5,40238,0.181859145510089,1.29107090781908,0
"beta[142]",0,0,0,0,0.02144457831795,0.185995801249998,NA,0.000769227814540308,0.4,58465,0.240342535637436,1.32266264154721,0
"beta[143]",0,0,0,0,-0.0001872858075,0.0195462446659371,NA,7.89916365056462e-05,0.4,61230,0.106217729272797,1.28553554177287,0
"beta[144]",0,0,0,0,-0.00762706346475,0.0920764190648536,NA,0.000446257816315471,0.5,42572,0.23220573285797,1.30528318297446,0
"beta[145]",0,0,0,0,-0.00097156260725,0.0303476626502663,NA,0.000123446814292385,0.4,60435,0.12127533321892,1.28038125754744,0
"beta[146]",0,0,0,0,-0.0013437441662375,0.0450533584249112,NA,0.000198655225857808,0.4,51434,0.21419899213719,1.29004435806175,0
"beta[147]",0,0,0,0,0.00155153192276375,0.0470496727234439,NA,0.000212215861204882,0.5,49154,0.222124715411215,1.28958953551876,0
"beta[148]",0,0,0,0,0.00027899425625,0.0138534406290735,NA,5.5531428680435e-05,0.4,62235,0.0447289674620212,1.27432196163782,0
"beta[149]",0,0,0,0,-0.000183306939875,0.00961026843103934,NA,4.04631767786554e-05,0.4,56409,0.00498098610225532,1.12191870899637,0
"beta[150]",0,0,0,0,-8.62953574999998e-05,0.012539695076587,NA,5.66737984551376e-05,0.5,48956,-0.000147600853605595,1.15844042743817,0
"beta[151]",0,0,0,0,8.6663125e-05,0.0121098524407624,NA,5.34545617613316e-05,0.4,51323,0.00134009103622649,1.14084664187771,0
"beta[152]",0,0,0,0,-0.00067559414794625,0.0237010681142511,NA,9.89611470339988e-05,0.4,57360,0.167717363674004,1.28361658129731,0
"beta[153]",0,0,0,0,-0.00112557990275,0.0397419270354245,NA,0.000179270387407688,0.5,49145,0.102272438661472,1.09367603984842,0
"beta[154]",0,0,0,0,0.000271743182875,0.0174646669701953,NA,7.43964256917683e-05,0.4,55108,0.0766063816130024,1.26878359904991,0
"beta[155]",0,0,0,0,2.746406125e-05,0.00676385479292058,NA,2.55847517704257e-05,0.4,69892,-4.03320997813176e-05,1.26485675342924,0
"beta[156]",0,0,0,0,-0.000121115965625,0.00888207748230656,NA,3.89762507628559e-05,0.4,51931,0.02665648503883,1.23102217616201,0
"beta[157]",0,0,0,0,0.00057556727,0.0186274744295701,NA,8.25500011296915e-05,0.4,50918,0.00210747941594016,1.02902020622714,0
"beta[158]",0,0,0,0,-0.00041076101175,0.0149907598681894,NA,7.28491809881235e-05,0.5,42345,-0.000704541181028241,1.12055833633296,0
"beta[159]",0,0,0,0,0.0213403796425,0.160275454113075,NA,0.000798125871027835,0.5,40327,0.414169894349548,1.31524123615179,0
"beta[160]",0,0,0,0,-0.019356902865125,0.146786384234406,NA,0.000677509708189189,0.5,46940,0.235832870949075,1.33266404695337,0
"beta[161]",0,0,0,0,0.00013955844375,0.0131173761171423,NA,6.11526529516671e-05,0.5,46011,0.0512654903743543,1.18331407646431,0
"beta[162]",0,0,0,1.1958,0.114636122824875,0.505401209574113,NA,0.00252446833804523,0.5,40080,0.472362609349275,1.42161111217795,0
"beta[163]",0,0,0,0,-2.2635768875e-05,0.00671813956598582,NA,2.58133067804673e-05,0.4,67735,-7.23464253987169e-05,1.23295588335053,0
"beta[164]",0,0,0,3.39432,0.3775230318975,1.098879033319,NA,0.00497271085102643,0.5,48833,0.247571688325783,1.69666488043248,0
"beta[165]",0,0,0,0,0.00071509349625,0.030658366092347,NA,0.000128317534600182,0.4,57086,0.185442024366989,1.28565206417375,0
"beta[166]",0,0,0,0,0.00060021425575,0.0242466454387899,NA,0.000102350692417818,0.4,56121,0.119698281368272,1.26331146801732,0
"beta[167]",0,0,0,0,7.989880075e-05,0.00848794306954154,NA,3.29529251016618e-05,0.4,66346,-8.2570191899476e-05,1.26042027329865,0
"beta[168]",0,0,0,0,0.00014288838725,0.011477886498721,NA,4.55282750357226e-05,0.4,63557,-0.000564064154066719,1.06963802367684,0
"beta[169]",0,0,0,0,-6.58453587499999e-06,0.0111922661275703,NA,4.9262059392292e-05,0.4,51619,-0.000269360906345455,1.0749830567356,0
"beta[170]",0,0,0,0,-6.83151418749997e-05,0.0373789844530552,NA,0.000183898691246892,0.5,41314,0.291880221798079,1.14405426062912,0
"beta[171]",0,0,0,0,-6.77391375e-05,0.0149198368296743,NA,6.30233030478229e-05,0.4,56044,0.00944881615891109,1.25439181393837,0
"beta[172]",0,0,0,0,9.30902637500005e-06,0.00953141208799626,NA,3.98683458676256e-05,0.4,57156,-0.000112795476857123,1.13067115243794,0
"beta[173]",0,0,0,0,7.270911255e-05,0.0116092914919256,NA,4.53417876021405e-05,0.4,65556,-0.000383578274051462,1.12142361382859,0
"beta[174]",0,0,0,0,0.00459636594375,0.0850103666003098,NA,0.00034695303528697,0.4,60035,0.230648620834309,1.29738479590318,0
"beta[175]",0,0,0,0,-0.00497839678225,0.0894395391968259,NA,0.000440277772788645,0.5,41267,0.336889763632474,1.2839302684986,0
"beta[176]",0,0,0,0,-0.00104730406225,0.031423436730394,NA,0.000128151644170337,0.4,60126,0.204566387077068,1.28953077381102,0
"beta[177]",0,0,0,0,-0.000226141808625,0.0131992439034734,NA,5.2798798207254e-05,0.4,62496,0.00594075641649215,1.28211240875758,0
"beta[178]",0,0,0,0,0.00017845949375,0.0150390213482011,NA,6.76211023881997e-05,0.4,49462,0.0601865060334687,1.23842913466133,0
"beta[179]",0,0,0,0,2.88784999999953e-07,0.0161420578515005,NA,7.70832070441478e-05,0.5,43853,0.0750987796591707,1.13087779437125,0
"beta[180]",0,0,0,0,6.2451811125e-05,0.00898291425957234,NA,3.71618507697392e-05,0.4,58431,-0.000112185127877113,1.09296378367022,0
"beta[181]",0,0,0,0,0.000875025716875001,0.0298867951834535,NA,0.000141443221352409,0.5,44647,0.116011029086354,1.18685397111228,0
"beta[182]",0,0,0,0,0.0002639508042625,0.0144436648170656,NA,9.31518842243491e-05,0.6,24042,NA,1.13396137132705,0
"beta[183]",0,0,0,0,-0.153620878748,0.968072115742473,NA,0.0048151158987288,0.5,40421,0.375900575654955,1.35399180287438,0
"beta[184]",0,0,0,0,0.0001784328105,0.0153737059508707,NA,6.23397955554607e-05,0.4,60817,0.122351854205245,1.25109588105189,0
"beta[185]",0,0,0,0,-0.000755706462625001,0.0378278412654187,NA,0.000184262678533879,0.5,42145,0.189863512056707,1.27117893074459,0
"beta[186]",0,0,0,0,7.4971615125e-05,0.01137461546016,NA,4.73095308246262e-05,0.4,57806,-0.000184377273430927,1.13100381307971,0
"beta[187]",0,0,0,0,-0.0018751425632375,0.0398365500254131,NA,0.000162067127720415,0.4,60419,0.196052912273833,1.29302205528809,0
"beta[188]",0,0,0,0,-6.78298145e-05,0.00829316106072878,NA,3.18303388336267e-05,0.4,67882,0.00729583492986827,1.28256256190361,0
"beta[189]",0,0,0,0,-0.00025580667175,0.0139385194461848,NA,6.52752871817751e-05,0.5,45597,0.0788621239854375,1.23874457298712,0
"beta[190]",0,0,0,0,-0.015634130830375,0.139165776418426,NA,0.000642387187994132,0.5,46932,0.476949216048246,1.15227657834062,0
"beta[191]",0,0,0,0,-0.11413757741875,0.574221365804969,NA,0.00234414945570282,0.4,60005,0.247346782719727,1.39550112307553,0
"beta[192]",0,0,0,0,-0.000231478016125001,0.0184072570309577,NA,9.25876124169704e-05,0.5,39525,0.155335545734442,1.1364722413682,0
"beta[193]",0,0,0,0,0.000517114443125,0.0254594190922596,NA,0.000113807155077019,0.4,50045,0.0897188416380389,1.26868768857282,0
"beta[194]",0,0,0,0,0.000132188456,0.015307018652785,NA,6.43915988800719e-05,0.4,56510,0.0430686130105512,1.22390722687457,0
"beta[195]",0,0,0,0,-0.00011199121125,0.0102061234238113,NA,4.09435178630224e-05,0.4,62137,0.0269852006039997,1.27961306965608,0
"beta[196]",0,0,0,0,0.007735049996125,0.0950010154304144,NA,0.000387644956851296,0.4,60060,0.231535414347606,1.30610093270884,0
"beta[197]",0,0,0,0,0.0004263058645125,0.018709529427269,NA,8.90493095883273e-05,0.5,44143,0.168217138864586,1.26433074473957,0
"beta[198]",0,0,0,0,0.0008940375783,0.0340723147403222,NA,0.000140057653690741,0.4,59182,0.184694095075572,1.28575803926576,0
"beta[199]",0,0,0,0,-0.00125532511775,0.0360447399909481,NA,0.00017954120111263,0.5,40305,0.121627450250104,1.27128470507003,0
"beta[200]",0,0,0,0,0.00063167727825,0.021380099419584,NA,0.000102628389451493,0.5,43399,0.213797780410719,1.23833044272158,0
"beta[201]",0,0,0,0,-1.74154024750005e-06,0.00918058502400554,NA,4.23982993930455e-05,0.5,46886,-0.000152006692523522,1.12105388717482,0
"beta[202]",0,0,0,0,0.0001311186835125,0.0118822523928704,NA,5.01168500138362e-05,0.4,56212,-0.000104609842378529,1.25091513365624,0
"beta[203]",0,0,0,0,1.09188925e-05,0.00627657399435591,NA,2.41451764987846e-05,0.4,67575,-5.88568572304281e-05,1.23076419179843,0
"beta[204]",0,0,0,0,0.000335782573,0.013798658384201,NA,5.60273434942005e-05,0.4,60656,0.147490433918929,1.27500132193057,0
"beta[205]",0,0,0,0,0.11896014147,0.731478721786483,NA,0.00368796284775549,0.5,39340,0.48335935260515,1.34893607659463,0
"beta[206]",0,0,0,0,-0.0001056563178,0.0143022383491546,NA,5.88789064413323e-05,0.4,59005,0.110674127743005,1.26431887504965,0
"beta[207]",0,0,0,0,8.22068609875e-05,0.00754319301192583,NA,2.95492430094127e-05,0.4,65165,-0.000115096241970324,1.20185747965753,0
"beta[208]",0,0,0,0,4.48889965e-05,0.00774207295348073,NA,3.21058170841388e-05,0.4,58150,-0.000182329837412833,1.11558202864694,0
"beta[209]",0,0,0,0,-0.000138990980625,0.00978903905566864,NA,4.00513331728863e-05,0.4,59737,0.0380059759334597,1.2705700722297,0
"beta[210]",0,0,0,0,1.90220370000001e-05,0.00675543178585897,NA,2.63051584968646e-05,0.4,65951,9.30264231660612e-05,1.1910576932476,0
"beta[211]",0,0,0,0,-0.000381333991375,0.0140480238604169,NA,5.48948329542241e-05,0.4,65489,-0.000714859700823737,1.05766252802864,0
"beta[212]",0,0,0,0,-0.05722640214475,0.313067949022073,NA,0.00149468031810893,0.5,43871,0.243895094644929,1.37783366239684,0
"beta[213]",0,0,0,0,-0.001060119561125,0.0358536817026262,NA,0.000162172707673805,0.5,48878,0.203905625824171,1.28492425364379,0
"beta[214]",0,0,0,0,-0.000535371002125,0.0252795630980672,NA,0.000120259405495348,0.5,44188,0.136928165091138,1.23229553233699,0
"beta[215]",0,0,0,0,0.0001259555025,0.0103079978759428,NA,4.36530510777681e-05,0.4,55760,-0.000202282077091281,1.17541452401358,0
"beta[216]",0,0,0,0,0.014778129611875,0.124034282372626,NA,0.000506244208780057,0.4,60029,0.234659322915457,1.32581570259345,0
"beta[217]",0,0,0,0,-9.42964781749998e-05,0.0181612901627393,NA,8.28221686179912e-05,0.5,48084,0.00204942940114872,1.12997378613928,0
"beta[218]",0,0,0,0,2.00926465e-05,0.00835798595051876,NA,3.22649540482644e-05,0.4,67103,-0.000293661559558016,1.16102030281745,0
"beta[219]",0,0,0,0,-0.008746609074,0.10849924663875,NA,0.000442869733421937,0.4,60021,0.236557958136087,1.30573966797178,0
"beta[220]",0,0,0,0,0.00147668492375,0.0428480909092705,NA,0.000188824550160645,0.4,51493,0.203643290884814,1.27887327326856,0
"beta[221]",0,0,0,0,2.58102385e-05,0.0107713153992076,NA,4.34045649746494e-05,0.4,61584,0.023964783918986,1.26361695983073,0
"beta[222]",0,0,0,0,-0.034480936444625,0.251242197199362,NA,0.00124906666028359,0.5,40459,0.381912385515874,1.33440773323229,0
"beta[223]",0,0,0,0,3.72253932625e-05,0.00688187073328122,NA,2.74727022436333e-05,0.4,62749,-0.00863369817473445,1.14634942010523,0
"beta[224]",0,0,0,0,-0.000432098595,0.0209153526242656,NA,8.79163276292606e-05,0.4,56597,0.093756864949503,1.27186362619201,0
"beta[225]",0,0,0,0,0.0006403623835,0.0201760285095259,NA,9.70979019882768e-05,0.5,43177,0.131988596800053,1.23155291014595,0
"beta[226]",0,0,0,0,-0.00025529184875,0.0225011980000155,NA,9.83054451380302e-05,0.4,52391,0.130872797032705,1.28165205098005,0
"beta[227]",0,0,0,0,0.00026368225075,0.0135260259147743,NA,5.40189479337079e-05,0.4,62697,0.00562103093268613,1.27153870770332,0
"beta[228]",0,0,0,0,4.9672619e-05,0.00903612895920407,NA,3.70221063446595e-05,0.4,59572,-0.000179508302629369,1.24359732664242,0
"beta[229]",0,0,0,0,-1.58630805e-05,0.0114752250931577,NA,5.08871721790059e-05,0.4,50852,-0.000271720692913123,1.1188895570073,0
"beta[230]",0,0,0,0,0.0003927735075,0.0207540095183407,NA,8.61403165114239e-05,0.4,58049,0.159154592412589,1.26667990991652,0
"beta[231]",0,0,0,0,-0.00464331306425,0.0829808533986913,NA,0.000342323391297676,0.4,58760,0.236033200062856,1.2961350979547,0
"beta[232]",0,0,0,0,0.00178615300325,0.0468526228737265,NA,0.000231611399537485,0.5,40921,0.3707242424683,1.26369908942483,0
"beta[233]",0,0,0,0,0.000288410462125,0.024920216983169,NA,0.000120247819405667,0.5,42949,0.18041817406236,1.26051498050216,0
"beta[234]",0,0,0,0,-0.00021482677575,0.023984331668738,NA,0.000117296955060248,0.5,41810,0.0820626738373451,1.17909258475349,0
"beta[235]",0,0,0,0,0.000251720247025,0.0138245015221466,NA,6.47181316461998e-05,0.5,45630,0.108077702629685,1.14998738977309,0
"beta[236]",0,0,0,0,0.00135948135575,0.0370679489561591,NA,0.00015112444013785,0.4,60163,0.223975378495666,1.29246570614049,0
"beta[237]",0,0,0,0,-0.0004404141485,0.0185377545356448,NA,7.81350315921087e-05,0.4,56289,0.0673818765653557,1.27525677959709,0
"beta[238]",0,0,0,0,0.002173454872875,0.0566909163594671,NA,0.000272231919582682,0.5,43366,0.2260107110664,1.28025003216323,0
"beta[239]",0,0,0,0,-0.0010091195765,0.0264184566625094,NA,0.000121546334319099,0.5,47242,0.180572107538599,1.27955735962708,0
"beta[240]",0,0,0,0,0.000725723075125,0.0320326980064969,NA,0.00015603314204648,0.5,42146,0.215773732217736,1.22845338900412,0
"beta[241]",0,0,0,0,0.00739673134375,0.128593544113495,NA,0.00058329505954651,0.5,48603,0.238464400869115,1.29831779980736,0
"beta[242]",0,0,0,0,-1.0100954e-05,0.00874369229953294,NA,3.22037549081354e-05,0.4,73719,-3.8978721904857e-05,1.22170999078439,0
"beta[243]",0,0,0,0,-0.001704413694875,0.0448020537507364,NA,0.000240523302040985,0.5,34696,NA,1.2931673053355,0
"beta[244]",0,0,0,0,-0.0002407084469,0.0141214199616961,NA,6.25197964530993e-05,0.4,51018,0.0491007077036673,1.26122068082491,0
"beta[245]",0,0,0,0,-0.00010533934825,0.00813558309941949,NA,3.54820928233574e-05,0.4,52573,0.00423646636281691,1.14716410960303,0
"beta[246]",0,0,0,0,-5.92447525e-05,0.00606060063499457,NA,2.27814924948785e-05,0.4,70773,-0.000103404859021064,1.23618019099214,0
"beta[247]",0,0,0,0,-0.0002808052805,0.0193763641312953,NA,8.91426429575962e-05,0.5,47247,0.0573831548809134,1.23989059868862,0
"beta[248]",0,0,0,0,-0.000117702290725,0.0108467351968627,NA,4.95566973833065e-05,0.5,47906,0.00847561419912687,1.20574811853333,0
"beta[249]",0,0,0,0,0.00012588179625,0.012212468951898,NA,5.10520600574107e-05,0.4,57224,-0.000142832020921108,1.21299440347409,0
"beta[250]",0,0,0,0,8.81520620375e-05,0.0102908326223378,NA,4.37835282272024e-05,0.4,55243,-0.00852740290195377,1.23152657057532,0
"beta[251]",0,0,0,0,0.0006275100275,0.0238246290623211,NA,0.000111910666047084,0.5,45322,0.111952632252791,1.24132811805017,0
"beta[252]",0,0,0,0,-0.00238090241325,0.0498461785474681,NA,0.000206140612517748,0.4,58470,0.215337757965183,1.29532419069739,0
"beta[253]",0,0,0,0,4.04679119125e-06,0.00724092887562399,NA,2.7540796108554e-05,0.4,69125,-0.000109998020454734,1.18220351439315,0
"beta[254]",0,0,0,0,4.368078225e-05,0.0048036829410447,NA,1.76913293720732e-05,0.4,73727,-7.96240149472091e-05,1.16736693648268,0
"beta[255]",0,0,0,0,-0.00015752422125,0.00851234228149395,NA,3.38354947387605e-05,0.4,63293,0.00573355455186042,1.22373702147175,0
"beta[256]",0,0,0,0,-0.003102050174,0.0662876094547691,NA,0.000273456259269935,0.4,58761,0.213171972149451,1.28993946426434,0
"beta[257]",0,0,0,0,2.8250875e-05,0.00624137451692007,NA,2.33631283364467e-05,0.4,71367,0.00103876550703317,1.24832959590094,0
"beta[258]",0,0,0,0,-0.020249787772125,0.185938975071509,NA,0.000864817159298501,0.5,46227,0.242137466046727,1.31982231170457,0
"beta[259]",0,0,0,0,-2.110834875e-05,0.00814226205478263,NA,3.29544937210729e-05,0.4,61047,-0.000178444850792182,1.17538401050125,0
"beta[260]",0,0,0,0,-6.2454513e-05,0.00683514964291928,NA,2.72618049342449e-05,0.4,62862,-0.000102320295594375,1.11829103090807,0
"beta[261]",0,0,0,0,-0.0003408563675,0.0150931500374962,NA,6.41519047019374e-05,0.4,55353,-0.000324430696566569,1.23266199790487,0
"beta[262]",0,0,0,0,-1.733246125e-05,0.00643383419991406,NA,2.52102821106466e-05,0.4,65130,-2.7306254942667e-05,1.10770194590124,0
"beta[263]",0,0,0,0,-0.0068947010575,0.106764865219064,NA,0.000526476103532058,0.5,41124,0.331087871179702,1.28598254696347,0
"beta[264]",0,0,0,0,-1.6009931625e-05,0.00776975438848216,NA,3.01455359130177e-05,0.4,66431,-0.000135651267588331,1.1943182909903,0
"beta[265]",0,0,0,0,0.000224397927375,0.0145650175715337,NA,5.802643687686e-05,0.4,63004,0.00941201046126,1.21081715683497,0
"beta[266]",0,0,0,0,-0.0040291409895,0.0659168771080135,NA,0.000311330901219536,0.5,44828,0.209593899273129,1.28882943461558,0
"beta[267]",0,0,0,0,-0.0011299761675,0.0351012154873952,NA,0.000147574071088336,0.4,56575,0.217382009787362,1.28690386998804,0
"beta[268]",0,0,0,0,6.2264479125e-05,0.00796302048735667,NA,3.09623392064749e-05,0.4,66144,0.0230002315732445,1.14124327330236,0
"beta[269]",0,0,0,0,-0.000119641602625,0.0102239333481895,NA,4.09164985880458e-05,0.4,62437,-0.00036537655235534,1.14695926489573,0
"beta[270]",0,0,0,0,0.00713307033,0.12040878465168,NA,0.000518561086466872,0.4,53916,0.24218974873401,1.29801252663529,0
"beta[271]",0,0,0,0,-8.04485140374997e-05,0.0129121865784927,NA,6.00972453027919e-05,0.5,46163,-0.000317670755823961,1.11990644309359,0
"beta[272]",0,0,0,0,-0.000254871878249999,0.0232222821756039,NA,0.000114147082822093,0.5,41389,0.187376118542285,1.10954543088434,0
"beta[273]",0,0,0,0,-0.00017755961575,0.00880979109442061,NA,3.49834573810326e-05,0.4,63417,-0.000332086047995195,1.2562136928019,0
"beta[274]",0,0,0,0,-0.00026610243745,0.0147384184342302,NA,5.90628334795802e-05,0.4,62269,0.0371082908625366,1.26696717793972,0
"beta[275]",0,0,0,0,1.14418495e-05,0.00472160340057007,NA,1.71761660657607e-05,0.4,75566,-5.30031574086013e-05,1.2553757598141,0
"beta[276]",0,0,0,0,5.3908785e-05,0.0125170906925984,NA,5.85920271496566e-05,0.5,45638,0.0583791428729284,1.18413553814946,0
"beta[277]",0,0,0,0,-3.2805974625e-05,0.00805925845223291,NA,3.08855347221341e-05,0.4,68089,0.00177098167011226,1.1778749943724,0
"beta[278]",0,0,0,0,1.48726255e-05,0.00920971879367481,NA,3.5911768920923e-05,0.4,65769,-2.03906464129999e-05,1.26101528039181,0
"beta[279]",0,0,0,0,-2.95348443750001e-05,0.0077074523969212,NA,2.39518328927703e-05,0.3,103549,-0.000102405778068313,1.11118083032865,0
"beta[280]",0,0,0,0,-1.0576449625e-05,0.00512348889861128,NA,1.80837306873862e-05,0.4,80270,-1.84093785234221e-05,1.18251708240711,0
"beta[281]",0,0,0,0,-2.11448887499996e-06,0.00981215594117957,NA,3.72086193579458e-05,0.4,69541,-4.36777999662976e-05,1.21792883389682,0
"beta[282]",0,0,0,0,0.000269406345,0.0549766288200273,NA,0.000284991213819208,0.5,37213,0.339332132076746,1.13883019655839,0
"beta[283]",0,0,0,0,-7.28121825e-05,0.0106065242621705,NA,4.23992993013678e-05,0.4,62579,0.0121854093374153,1.26649667094583,0
"beta[284]",0,0,0,0,7.553238225e-05,0.00900374600361934,NA,3.72192931227164e-05,0.4,58521,-6.49889217052534e-05,1.22119968493526,0
"beta[285]",0,0,0,0,0.000279152384,0.015717784697507,NA,6.754540596939e-05,0.4,54149,0.0960684853316579,1.23520976684409,0
"beta[286]",0,0,0,0,-0.000427846889125,0.0164351075693273,NA,6.66114690885998e-05,0.4,60876,0.104292649052278,1.2752141763287,0
"beta[287]",0,0,0,0,-0.00011600022625,0.0224923646311574,NA,9.50711659453276e-05,0.4,55972,0.0781623614021566,1.25920923047058,0
"beta[288]",0,0,0,0,3.74677445e-05,0.0117053348411274,NA,4.80206387923841e-05,0.4,59417,0.024490384587113,1.20295627989088,0
"beta[289]",0,0,0,0,0.0001300959205,0.0184608184041128,NA,8.1466637185551e-05,0.4,51350,0.0750824564058443,1.15808964176738,0
"beta[290]",0,0,0,0,0.000108855085125,0.00763745468301556,NA,2.99679494869583e-05,0.4,64951,-0.000164595087629962,1.21962282347303,0
"beta[291]",0,0,0,0,0.004912370681125,0.0757168404842577,NA,0.000350629084397295,0.5,46633,0.232010660655766,1.29874272872082,0
"beta[292]",0,0,0,0,0.071158927560625,0.464763686612927,NA,0.00231794823728855,0.5,40203,0.438908885045155,1.34487891334795,0
"beta[293]",0,0,0,0,-2.9271495625e-05,0.00572657513031919,NA,2.40019106185182e-05,0.4,56924,-0.000130476625612731,1.14723586872097,0
"beta[294]",0,0,0,0,0.000144225817375,0.0157378233335719,NA,6.72421986197869e-05,0.4,54778,0.0174416389230244,1.18952656267403,0
"beta[295]",0,0,0,0,-0.00018179335075,0.0180931888881404,NA,8.71901279916356e-05,0.5,43062,0.0777991162185063,1.21889904468898,0
"beta[296]",0,0,0,0,0.00020266401325,0.0139904553945353,NA,6.09457020599612e-05,0.4,52696,0.0216609290471132,1.27673263025381,0
"beta[297]",0,0,0,0,-2.53888982125e-05,0.0100300744276174,NA,4.24880485087867e-05,0.4,55728,0.00498594082580456,1.22787245142676,0
"beta[298]",0,-0.938721,0,0,-0.10935784224,0.513998584559224,NA,0.00230678920910343,0.4,49649,0.245237091004933,1.41282966730256,0
"beta[299]",0,0,0,0,-0.0003693740105,0.0175049508575527,NA,7.06129710373884e-05,0.4,61454,0.0748371981736867,1.28280322514388,0
"beta[300]",0,0,0,0,0.0001194267975,0.00880233676501135,NA,3.23220044054496e-05,0.4,74165,-0.000159140850143332,1.25190338956948,0
"beta[301]",0,0,0,0,-0.00093929450125,0.0286359830109613,NA,0.000128097912615769,0.4,49974,0.151687881599959,1.26772156452159,0
"beta[302]",0,0,0,0,-0.00017987054,0.0137366613433156,NA,5.50006236148512e-05,0.4,62377,0.0219875227688384,1.28202117009873,0
"beta[303]",0,0,0,0,0.06710507284525,0.402366707346502,NA,0.00164260000967954,0.4,60004,0.247811820832985,1.36211211397297,0
"beta[304]",0,0,0,2.39509,0.251194452599125,0.720947388331879,NA,0.00355616909355064,0.5,41100,0.351054591109105,1.71237946346583,0
"beta[305]",0,0,0,0,0.00014752439375,0.0104583371586531,NA,4.18336536464415e-05,0.4,62499,-0.000268997239595676,1.25428638397875,0
"beta[306]",0,0,0,0,-0.00032734111475,0.0317050128226248,NA,0.000129055430016394,0.4,60354,0.158201225155433,1.28095988740744,0
"beta[307]",0,0,0,0,0.001728527373975,0.048719235401598,NA,0.000239438351060108,0.5,41401,0.271334392860286,1.26375825917182,0
"beta[308]",0,0,0,0,0.0005794311475,0.02691637477615,NA,0.000121697317093893,0.5,48918,0.163844980307246,1.24717720630954,0
"beta[309]",0,0,0,0,-0.0013957178635,0.0384152398714757,NA,0.000156677911345172,0.4,60116,0.214858776597884,1.29202458445729,0
"beta[310]",0,0,0,0,0.000185379556625,0.0154400102377653,NA,7.18281545328243e-05,0.5,46207,0.0101534004719219,1.1459642203849,0
"beta[311]",0,0,0,0,0.000196650204625,0.0148880297091555,NA,6.21065180334799e-05,0.4,57465,0.0106617910110476,1.27614167514556,0
"beta[312]",0,0,0,0,-0.0069126734127125,0.10117968810435,NA,0.000412963968587915,0.4,60029,0.238111485602859,1.3015946834612,0
"beta[313]",0,0,0,0,-0.00023699123375,0.0105563789220904,NA,4.18973719280468e-05,0.4,63483,0.0110875219205063,1.04565083624698,0
"beta[314]",0,0,0,0,-0.0001652947175,0.0136013373216578,NA,5.65853450240845e-05,0.4,57777,0.0890199350636737,1.19563047704447,0
"beta[315]",0,0,0,0,-4.1114406725e-05,0.00872014326293689,NA,3.54070199051324e-05,0.4,60655,0.023051977218713,1.10834995546363,0
"beta[316]",0,0,0,0,0.00061174507125,0.0225112393174864,NA,0.000105433237080696,0.5,45587,0.17018488565058,1.26453873395547,0
"beta[317]",0,0,0,0,0.12735593017125,0.661961816931776,NA,0.00328433159419616,0.5,40623,0.388522387259011,1.38714311968333,0
"beta[318]",0,0,0,0,0.0121116397975,0.128747155976052,NA,0.000525470399795731,0.4,60031,0.234467006284722,1.31204050166198,0
"beta[319]",0,0,0,0,8.1656917625e-05,0.0088948480157442,NA,3.36829516335689e-05,0.4,69736,-0.000163056377840497,1.22485386512633,0
"beta[320]",0,0,0,0,-0.000117265484375,0.0158463280143243,NA,6.97409708774311e-05,0.4,51628,0.0696052802077139,1.26571947861013,0
"beta[321]",0,0,0,0,0.001234974685125,0.0410293143205691,NA,0.000197768169545876,0.5,43040,0.138103033410826,1.27807934708084,0
"beta[322]",0,0,0,0,-0.067152033063625,0.360391478462118,NA,0.00147121448253889,0.4,60006,0.243161787260459,1.38155715438513,0
"beta[323]",0,0,0,0,-0.0001467085555,0.0136869643813205,NA,5.76952760009656e-05,0.4,56277,0.105945245195256,1.27175230315105,0
"beta[324]",0,0,0,0,7.6455155125e-05,0.0109815570985145,NA,4.6970118068778e-05,0.4,54662,-0.00693466643284822,1.2138700409789,0
"beta[325]",0,0,0,0,-3.89754574625e-05,0.00761176376878011,NA,3.02381854922014e-05,0.4,63366,0.00469741050478245,1.26389972171963,0
"beta[326]",0,0,0,0,2.16818385e-05,0.00749799199990561,NA,2.74376817401371e-05,0.4,74678,-6.73399500520952e-05,1.08450481870795,0
"beta[327]",0,0,0,0,-0.0001768662800625,0.0146003517783867,NA,6.29525282534612e-05,0.4,53790,0.033306753815051,1.24350889142842,0
"beta[328]",0,0,0,0,0.00082326978025,0.0266241843482986,NA,0.000110828160143133,0.4,57710,0.0307075156470837,1.27553029263451,0
"beta[329]",0,0,0,0,-7.08506234999998e-06,0.0139838745390282,NA,5.53355139697431e-05,0.4,63863,-2.42180961329312e-05,1.27849900198855,0
"beta[330]",0,0,0,0,0.000943305850874999,0.0263089803184007,NA,0.000124657940380783,0.5,44542,0.143868143805959,1.2701784745735,0
"beta[331]",0,-2.44921,0,0,-0.275619857262125,0.764106876638988,NA,0.00333135389224648,0.4,52610,0.246292299501624,1.75882971372832,0
"beta[332]",0,0,0,0,5.01370279999997e-05,0.0178883402033276,NA,8.38061213176893e-05,0.5,45561,0.093583618103529,1.1182062385253,0
"beta[333]",0,0,0,0,0.000241094660625,0.01434744607075,NA,6.66292014370838e-05,0.5,46368,0.0382264322858305,1.18782569591204,0
"beta[334]",0,0,0,0,-0.000119371773125,0.00992741343694912,NA,4.38686751788853e-05,0.4,51211,-0.000126463600659427,1.14741673106157,0
"beta[335]",0,0,0,0,0.065412119302875,0.442053823534101,NA,0.0021605029202043,0.5,41864,0.309790915565636,1.34525819899812,0
"beta[336]",0,0,0,1.22175,0.15607339835375,0.694849232418574,NA,0.00338133968072568,0.5,42228,0.273896034167255,1.42878115723084,0
"beta[337]",0,0,0,0,0.00105739041125,0.0435360596481463,NA,0.000183936867563716,0.4,56022,0.191389616192211,1.29009705497809,0
"beta[338]",0,0,0,0,0.001452182947375,0.045985385812244,NA,0.000187506853280192,0.4,60146,0.199306675541528,1.28903647763555,0
"beta[339]",0,0,0,0,-0.028127384737125,0.240243014480496,NA,0.00116501002887286,0.5,42525,0.292890082389637,1.32376561666654,0
"beta[340]",0,0,0,0,-4.09714e-06,0.011941386071969,NA,4.75596381528915e-05,0.4,63042,0.0377540073329473,1.27002075329169,0
"beta[341]",0,0,0,0,0.000142259038125,0.0101517182423589,NA,3.98734327943732e-05,0.4,64820,-0.000170792847488859,1.26707836518405,0
"beta[342]",0,0,0,0,-0.000238240004125,0.0124603387471836,NA,5.89842683219537e-05,0.5,44626,0.0572219725199581,1.14457807265731,0
"beta[343]",0,0,0,0,-0.0003088191415,0.0180111670558658,NA,7.74284227688607e-05,0.4,54111,0.0664036705876739,1.27944752770264,0
"beta[344]",0,0,0,0,-0.0032717409085,0.0642145280666527,NA,0.000296153921986756,0.5,47014,0.218209954409156,1.29507649453674,0
"beta[345]",0,0,0,0,0.001054831955,0.0290990797063656,NA,0.000135585357355392,0.5,46061,0.189962507923101,1.28703493706887,0
"beta[346]",0,0,0,0,-0.000199744398875,0.0116193458662231,NA,5.37488116107598e-05,0.5,46733,0.00497701054530736,1.18449208624784,0
"beta[347]",0,0,0,0,-5.1392828e-05,0.00533811690356776,NA,1.93127541120705e-05,0.4,76399,-0.000239711347560212,1.10109151015217,0
"beta[348]",0,0,0,0,0.108968659527875,0.6798616621183,NA,0.00383661776233483,0.6,31401,0.390275207330732,1.35550922445693,0
"beta[349]",0,0,0,0,-0.00014276672875,0.0127934225840398,NA,6.08163066028083e-05,0.5,44252,0.0765977872041713,1.2063945085649,0
"beta[350]",0,0,0,0,-9.30643862499999e-05,0.0136481151725709,NA,5.99485552408083e-05,0.4,51831,-0.000273628830078308,1.17190296553573,0
"beta[351]",0,0,0,0,-0.001114388302,0.0499206273053313,NA,0.000203352632556101,0.4,60264,0.211848036719502,1.29041523785755,0
"beta[352]",0,0,0,0,1.72182999999998e-06,0.00731315469864284,NA,2.89289237125281e-05,0.4,63906,-0.000145976707018181,1.11646563222082,0
"beta[353]",0,0,0,0,-0.0002979382695,0.0141980682404563,NA,5.76621021370958e-05,0.4,60629,0.0947547868402926,1.25056765799126,0
"beta[354]",0,0,0,0,-0.0004494234255,0.020553134201907,NA,9.8968991711902e-05,0.5,43128,0.0870250877879223,1.13579937849038,0
"beta[355]",0,0,0,0,0.0010450773395,0.0304940957433858,NA,0.000124289442734421,0.4,60195,0.208947784721177,1.29054520976526,0
"beta[356]",0,0,0,0,-0.000594104751775,0.0198394181664079,NA,7.87648672153691e-05,0.4,63444,0.117341558371511,1.28105157911209,0
"beta[357]",0,0,0,2.7708,0.329239510125,0.917591100831665,NA,0.00417116064319295,0.5,48393,0.247738901740274,1.75164108903079,0
"beta[358]",0,0,0,0,5.92907475e-05,0.00845001100487953,NA,3.48175348742243e-05,0.4,58900,-8.74029798827999e-05,1.22083227504325,0
"beta[359]",0,0,0,0,-0.002115876804625,0.0573290515574146,NA,0.000228076388914419,0.4,63181,0.212973177456615,1.29287763552513,0
"beta[360]",0,0,0,3.18087,0.27309973741375,0.926162310437436,NA,0.00439544943045654,0.5,44398,0.487898515925819,1.67308724159935,0
"beta[361]",0,0,0,0,0.000283403597625,0.016646092004167,NA,6.69433929679858e-05,0.4,61831,0.0548238807560123,1.2539829164233,0
"beta[362]",0,0,0,0,-0.000279084307125,0.017758238467109,NA,7.54249227572827e-05,0.4,55433,0.0966641878250082,1.26302959128696,0
"beta[363]",0,0,0,0,0.0021137307034875,0.0432134285246209,NA,0.000170789874287845,0.4,64020,0.210652043220165,1.29407711560302,0
"beta[364]",0,0,0,0,-0.10105606887375,0.559761488878572,NA,0.0022851106923123,0.4,60006,0.246300193905046,1.37551712114736,0
"beta[365]",0,0,0,0,1.02518949999999e-05,0.0101477892265157,NA,4.46025755331634e-05,0.4,51763,0.0115251084337033,1.20604706526358,0
"beta[366]",0,0,0,0,0.002381766427875,0.13319561178615,NA,0.000691527025381753,0.5,37099,0.460199699570732,1.20299484548803,0
"beta[367]",0,0,0,0,0.000120385365,0.00981355440977142,NA,3.92112586669156e-05,0.4,62637,0.020612947499913,1.23219101455554,0
"beta[368]",0,0,0,0,0.0001096717554125,0.0100769609064292,NA,3.99078153512965e-05,0.4,63759,-0.000119477237754518,1.27459594218457,0
"beta[369]",0,0,0,0,-6.98612407125e-05,0.0171912041799978,NA,6.90275869128992e-05,0.4,62025,0.0285930345748117,1.27166563541126,0
"beta[370]",0,0,0,0,-0.00033241170775,0.0184425912044023,NA,8.34797759726802e-05,0.5,48807,0.0611669682433038,1.26940753607391,0
"beta[371]",0,0,0,0,-0.00022392100215,0.0117446421161106,NA,4.41621106863464e-05,0.4,70726,-0.000378207159339983,1.17880274425379,0
"beta[372]",0,0,0,0,-5.75446773e-05,0.0123210084054581,NA,4.95583875823508e-05,0.4,61810,0.0540732894207805,1.27367576800208,0
"beta[373]",0,0,0,0,-0.000136534514,0.00984154509460278,NA,4.5064611256747e-05,0.5,47693,0.0187191103814799,1.16057492943188,0
"beta[374]",0,0,0,0,9.65963237500001e-06,0.00971152206799218,NA,3.90315799343895e-05,0.4,61907,-0.000131341679744287,1.11091921108225,0
"beta[375]",0,0,0,0,-0.000185821256375,0.0174481189455288,NA,7.04766156455555e-05,0.4,61292,0.0753465233899681,1.2782312612666,0
"beta[376]",0,0,0,0,1.65834665e-05,0.015120634681983,NA,7.01337484196443e-05,0.5,46482,0.00207312386365017,1.18785334193957,0
"beta[377]",0,0,0,0,8.71961625000001e-06,0.00848659124561114,NA,3.47359380650983e-05,0.4,59691,-0.000167763978187942,1.12320453189901,0
"beta[378]",0,0,0,0,0.00051468605825,0.0174397324959964,NA,6.95474405483641e-05,0.4,62881,0.0462326346483959,1.15746418336713,0
"beta[379]",0,0,0,0,-0.000213067120175,0.0156566209659028,NA,7.11772383022384e-05,0.5,48385,0.0716247542122381,1.22342278223294,0
"beta[380]",0,0,0,0,0.00027798622775,0.0302425781840127,NA,0.000122758773124168,0.4,60692,0.164084002932401,1.28285787367383,0
"beta[381]",0,0,0,0,-0.0002207901365,0.0108992857067546,NA,4.4192228547395e-05,0.4,60828,-0.00422016223785499,1.08614936182558,0
"beta[382]",0,0,0,0,0.00129658372211625,0.0356631627558916,NA,0.000167128100715124,0.5,45535,0.17557931836174,1.2870829846399,0
"beta[383]",0,0,0,0,5.97002187e-05,0.0081064763328417,NA,3.46879284819893e-05,0.4,54614,-7.22424039629596e-05,1.19033677018062,0
"beta[384]",0,0,0,0,0.000190256554375,0.0171666956138386,NA,8.26743674693506e-05,0.5,43115,0.164854006333398,1.14912106515203,0
"beta[385]",0,0,0,0,0.000168584810875,0.0145795005874899,NA,5.90180585345704e-05,0.4,61026,0.127137870434547,1.26659309801701,0
"beta[386]",0,0,0,0,-0.08710202994,0.432638349438435,NA,0.00207643144164128,0.5,43413,0.243441100135949,1.39874581302206,0
"beta[387]",0,0,0,0,0.00208463783375,0.0442494462020752,NA,0.000182391089607354,0.4,58858,0.197433059304279,1.28518725163068,0
"beta[388]",0,0,0,0,0.00035418208975,0.0185531259104125,NA,7.49795767365022e-05,0.4,61228,0.106542498544695,1.25925993518068,0
"beta[389]",0,0,0,0,5.9803003e-05,0.00616671375568422,NA,2.42727947471417e-05,0.4,64546,-8.88916735064804e-05,1.20774128211594,0
"beta[390]",0,0,0,0,-0.056563218897875,0.356219446319366,NA,0.00145414995633191,0.4,60009,0.242326871676991,1.35487954042269,0
"beta[391]",0,0,0,0,2.2016640875e-05,0.00686889843945486,NA,2.65942581695474e-05,0.4,66711,-3.4029292339251e-05,1.23263058684022,0
"beta[392]",0,0,0,0,-2.22371725e-05,0.00910940926942844,NA,3.82753711993624e-05,0.4,56642,-7.48107103933548e-05,1.14528508579633,0
"beta[393]",0,0,0,0,1.800728125e-05,0.0164227149369855,NA,7.28215372833717e-05,0.4,50859,0.0437998219847817,1.25787843215041,0
"beta[394]",0,0,0,0,0.060088474534,0.374088796710239,NA,0.0018124153082169,0.5,42602,0.245607953322633,1.356028931897,0
"beta[395]",0,0,0,0,0.00378615486025,0.0563870411851154,NA,0.000229651840722221,0.4,60286,0.197225884442571,1.30131418829425,0
"beta[396]",0,0,0,0,-0.000708693028875,0.0249008116058391,NA,0.000102579700282887,0.4,58926,0.187157293526626,1.28813565515389,0
"beta[397]",0,0,0,0,0.0002750997165,0.0152762140796115,NA,6.28787555635164e-05,0.4,59023,0.149484858428153,1.28127867413183,0
"beta[398]",0,0,0,0,-4.49466337499999e-05,0.00622930470568314,NA,2.75501702364048e-05,0.4,51125,-0.000157269686527167,1.07884229989403,0
"beta[399]",0,0,0,0,-3.951578375e-05,0.00781122606852461,NA,2.95504758005349e-05,0.4,69873,-5.50589324920902e-05,1.21147709406482,0
"beta[400]",0,0,0,0,2.66354795e-05,0.011802196417639,NA,4.933963581547e-05,0.4,57218,-5.20542327551826e-05,1.22456651689488,0
"beta[401]",0,0,0,0,-0.00086030569925,0.0276203383547619,NA,0.000114403374184095,0.4,58288,0.171380936279414,1.29126379678157,0
"beta[402]",0,0,0,0,-0.0145160321325,0.134533122658943,NA,0.000655505038079402,0.5,42122,0.265362760002056,1.31182655655268,0
"beta[403]",0,0,0,0,0.000573288249,0.0224764284520218,NA,9.81501097108353e-05,0.4,52441,0.198639907567405,1.28844498487882,0
"beta[404]",0,0,0,0,0.000331093416875,0.0173623346683595,NA,8.30022887232267e-05,0.5,43756,0.0656119695995391,1.14119695014135,0
"beta[405]",0,0,0,0,0.059007240074125,0.374578325448628,NA,0.00185119277109245,0.5,40943,0.363005854145865,1.35203241567612,0
"beta[406]",0,0,0,0,5.778399825e-05,0.00812104864501131,NA,3.05768904876236e-05,0.4,70540,-0.000149190692820766,1.14545820457734,0
"beta[407]",0,0,0,0,-0.02230310414,0.197381549046422,NA,0.000900066975236648,0.5,48091,0.24291611031888,1.32213140968133,0
"beta[408]",0,0,0,0,-0.005621630800125,0.0849245759140563,NA,0.000378502263610398,0.4,50342,0.23030131266358,1.30053302417232,0
"beta[409]",0,0,0,0,-0.03835347298,0.309887330220176,NA,0.00149336325538747,0.5,43060,0.24436520169924,1.328763160161,0
"beta[410]",0,-4.15445e-05,0,3.02352,0.352535207031944,1.10754152993913,NA,0.00549495534800606,0.5,40625,0.410349633097843,1.62154880453193,0
"beta[411]",0,0,0,0,0.16613126134675,1.0515803894698,NA,0.00516520575679891,0.5,41449,0.335645036320148,1.35389621797546,0
"beta[412]",0,0,0,0,0.000213864209125,0.011815749574775,NA,4.91899127540278e-05,0.4,57699,0.00681247945040851,1.13851145625195,0
"beta[413]",0,0,0,3.07972,0.295708698790875,0.925941314616471,NA,0.00452337744399687,0.5,41903,0.273494569326301,1.62133184908994,0
"beta[414]",0,0,0,0,9.8786565125e-05,0.00957932634906808,NA,3.69828265619855e-05,0.4,67092,-0.000232906316234801,1.19576628309476,0
"beta[415]",0,0,0,0,4.2182581e-05,0.00792351299762778,NA,3.07340023236617e-05,0.4,66466,0.00559906270387038,1.27061502945899,0
"beta[416]",0,0,0,5.16054,0.680612673543213,1.74885511186078,NA,0.00730590833899857,0.4,57301,0.248800824977818,1.88419060527348,0
"beta[417]",0,0,0,0,0.00022166955675,0.0162066831948548,NA,6.58817817599052e-05,0.4,60514,0.0324539716527341,1.23832401793315,0
"beta[418]",0,0,0,0,-8.9888053e-05,0.00843109897060563,NA,3.27949969911329e-05,0.4,66093,-0.000203782259461863,1.17805267691399,0
"beta[419]",0,0,0,0,-1.1355170875e-05,0.00824788671172048,NA,3.35371219588127e-05,0.4,60483,0.0630464466506058,1.2251956109764,0
"beta[420]",0,0,0,0,0.06397991379275,0.35434713967383,NA,0.00177135764312066,0.5,40017,0.488847028062106,1.15725966134796,0
"beta[421]",0,0,0,0,-0.0003127980846375,0.0212865324339811,NA,8.64756218463267e-05,0.4,60593,0.13028314386958,1.2805903844912,0
"beta[422]",0,0,0,0,0.0004751085466125,0.0197183122102512,NA,8.96050334481592e-05,0.5,48426,0.111098280842758,1.27771027030788,0
"beta[423]",0,0,0,0,0.1041456162695,0.652004051716488,NA,0.00303687015704852,0.5,46094,0.248447022728431,1.35572397054113,0
"beta[424]",0,0,0,0,6.42243422499994e-05,0.0204959296957784,NA,9.95897140664971e-05,0.5,42355,0.147455571850089,1.13008160798121,0
"beta[425]",0,0,0,0,0.0024510136035,0.0460756412972898,NA,0.000228107248830587,0.5,40800,0.307666313282684,1.23226163153371,0
"beta[426]",0,0,0,0,-4.0812096875e-05,0.00773831463652344,NA,2.96011301818014e-05,0.4,68340,-4.90093645391734e-05,1.23330654405473,0
"beta[427]",0,0,0,0,0.0006264945575,0.0274387328595161,NA,0.000119178160932725,0.4,53007,0.180523392964197,1.28208530922892,0
"beta[428]",0,0,0,0,-0.00015677212025,0.0100031599614927,NA,4.14639330498821e-05,0.4,58201,-0.000203434988100933,1.18893848023981,0
"beta[429]",0,0,0,0,0.00361817481275,0.0627700195196044,NA,0.000284411938030234,0.5,48709,0.179873612009307,1.29807512385547,0
"beta[430]",0,0,0,0,0.000663755226875,0.0241138858421089,NA,9.81302609155864e-05,0.4,60385,0.184423247980253,1.28862141079121,0
"beta[431]",0,0,0,4.24749,0.451772338263875,1.28271734627544,NA,0.00572433778123532,0.4,50212,0.248658236479051,1.72697829263452,0
"beta[432]",0,0,0,0,-0.004067753521975,0.0969378153923169,NA,0.000480210611364037,0.5,40750,0.365684017448329,1.254791683282,0
"beta[433]",0,0,0,0,-6.62536145e-05,0.0142103359190905,NA,6.56814785637155e-05,0.5,46808,-0.000227982338109902,1.15370055701497,0
"beta[434]",0,0,0,0,-0.00013323746,0.0161822830793782,NA,6.96341410579181e-05,0.4,54005,0.112210954398398,1.26820792085763,0
"beta[435]",0,-1.65618,0,0,-0.1477774477475,0.542796252016597,NA,0.00269164883868118,0.5,40667,0.246030158466749,1.50998467062513,0
"beta[436]",0,0,0,0,1.54686875000008e-07,0.00912064674688428,NA,3.60845774017867e-05,0.4,63886,0.00484410935520312,1.24576393073961,0
"beta[437]",0,0,0,0,7.07734256949999e-05,0.00755692670871683,NA,3.18591512949686e-05,0.4,56263,-0.000225102856514686,1.15578102335907,0
"beta[438]",0,0,0,0,-0.00619806308875,0.0849612985060158,NA,0.000346762070475456,0.4,60031,0.235053306730007,1.30338330574171,0
"beta[439]",0,0,0,0,-5.20618075e-06,0.00591508357441813,NA,2.36434205209639e-05,0.4,62589,-1.34240074783577e-05,1.22038047830602,0
"beta[440]",0,0,0,0,0.000151747851625,0.0109276290538524,NA,4.29179077726437e-05,0.4,64830,-0.000199692493507086,1.23066702625326,0
"beta[441]",0,0,0,0,-0.00075226670575,0.0308630996685891,NA,0.000138281791740808,0.4,49814,0.186665274572551,1.28055017484617,0
"beta[442]",0,0,0,0,0.109877149667625,0.729913000027852,NA,0.00355974587046089,0.5,42044,0.248351828730329,1.34817195989906,0
"beta[443]",0,0,0,0,0.0004393133,0.0175076297256923,NA,7.0752258610451e-05,0.4,61231,0.0937703060553147,1.26005778361837,0
"beta[444]",0,0,0,0,0.002498165814,0.0746123669598573,NA,0.000312079056338189,0.4,57160,0.215335018925085,1.28400474616394,0
"beta[445]",0,0,0,0,0.0010029710375,0.0421839989040595,NA,0.000185373758784715,0.4,51784,0.162374083877364,1.28871540356184,0
"beta[446]",0,0,0,0,-0.0007758787235,0.0293134741694169,NA,0.000119229861831842,0.4,60446,0.174139944247656,1.28209068836303,0
"beta[447]",0,0,0,0,0.067658167258375,0.434783986627017,NA,0.00232697250700558,0.5,34911,0.394632390895571,1.35167903962686,0
"beta[448]",0,0,0,0,-0.021615506551875,0.205216771401779,NA,0.000995192365072874,0.5,42522,0.242638616668015,1.31752034391158,0
"beta[449]",0,0,0,0,-0.109133228025375,0.690589435603915,NA,0.00338425567876736,0.5,41640,0.321374882082295,1.35445262465252,0
"beta[450]",0,0,0,0,5.6902044875e-05,0.00963611073530786,NA,4.28545884669829e-05,0.4,50560,0.0261785172999651,1.23441105636967,0
"beta[451]",0,0,0,0,-0.00031225283075,0.0139917668749046,NA,5.60931633104449e-05,0.4,62219,0.0409631764858556,1.27623275450839,0
"beta[452]",0,0,0,0,4.935178425e-05,0.00711694902455576,NA,2.683782603231e-05,0.4,70322,-0.000106352058167585,1.21700475617328,0
"beta[453]",0,0,0,0,-0.00066991440575,0.0268019931787832,NA,0.000108854896200144,0.4,60623,0.15286262726834,1.27995286332631,0
"beta[454]",0,0,0,0,0.00010802422575,0.0101975390188051,NA,3.51295774563533e-05,0.3,84265,-9.93772242933569e-05,1.24606059350449,0
"beta[455]",0,-2.94381,0,8.35811e-05,-0.272236805875736,0.895808473278013,NA,0.00365704266037237,0.4,60003,0.247624436040304,1.58063954232897,0
"beta[456]",0,-4.16672,0,0,-0.53492543098375,1.37534950611136,NA,0.00569725493001213,0.4,58277,0.248800292124209,1.88333672488041,0
"beta[457]",0,0,0,0,-0.00042835479625,0.0184913063216193,NA,7.09719628593498e-05,0.4,67883,0.159687455445986,1.28040821488239,0
"beta[458]",0,0,0,0,-7.9499918375e-05,0.00869003545142625,NA,3.72624770069504e-05,0.4,54388,0.0468321061688491,1.18143176813421,0
"beta[459]",0,0,0,0,-0.041839442429,0.269361436535491,NA,0.00129593884626429,0.5,43202,0.243372740321331,1.35023884319146,0
"beta[460]",0,-5.04981,0,0,-0.527614113865,1.51228491925351,NA,0.00669098703899576,0.4,51084,0.248773032412049,1.71533190154853,0
"beta[461]",0,0,0,0,-0.001087177646875,0.0366618177440748,NA,0.000169707552894214,0.5,46669,0.177759297821845,1.2804949174558,0
"beta[462]",0,0,0,0,6.2965834e-05,0.00819005244525474,NA,3.17803540824144e-05,0.4,66413,-6.89828338392319e-05,1.18070570354239,0
"beta[463]",0,0,0,0,-0.000130587852625,0.0101811352604769,NA,4.68683866428273e-05,0.5,47188,0.00771635462813033,1.12616321903575,0
"beta[464]",0,0,0,0,-0.050111662795,0.354239749823355,NA,0.00176872000639207,0.5,40112,0.464203364761312,1.33935075491911,0
"beta[465]",0,0,0,0,-0.00016069473375,0.00950882493489077,NA,3.66175075025136e-05,0.4,67434,-0.000464047859686224,1.05072605625975,0
"beta[466]",0,0,0,1.24646,0.0975693174305,0.372038273919406,NA,0.00181177553779295,0.5,42166,0.248126268188975,1.49041648410276,0
"beta[467]",0,0,0,0,-0.00132815257375,0.036185567121283,NA,0.00014756377623594,0.4,60133,0.209265652059363,1.29237484309851,0
"beta[468]",0,0,0,0,0.02008614197,0.17099878049104,NA,0.000714345779585479,0.4,57302,0.240955054686777,1.32332407481433,0
"beta[469]",0,-4.4763,0,0,-0.534248725710387,1.39592610874372,NA,0.00569872356165324,0.4,60003,0.248048127705629,1.85320932408536,0
"beta[470]",0,0,0,0,-0.00015384976375,0.0144902651403022,NA,6.80552739737349e-05,0.5,45335,0.125333005556656,1.1381093344273,0
"beta[471]",0,0,0,0,-0.11239457279325,0.612062922122233,NA,0.00291997853821462,0.5,43937,0.246704279763322,1.37852974677596,0
"beta[472]",0,0,0,0,-0.000256904331375,0.021556686235903,NA,0.000104940422081976,0.5,42197,0.147165821255989,1.18823843142979,0
"beta[473]",0,0,0,0,-4.59557455e-05,0.00769127561660221,NA,3.05142152576032e-05,0.4,63532,0.0153169741175408,1.25462631414903,0
"beta[474]",0,0,0,0,0.001127916015125,0.0353948996780116,NA,0.0001712693611913,0.5,42709,0.218000667522855,1.28093499723899,0
"beta[475]",0,0,0,0,0.05430283521925,0.406140268333411,NA,0.00165796372982183,0.4,60007,0.246836276338634,1.33536841947717,0
"beta[476]",0,-4.12473,0,0,-0.53839812134625,1.30870280317847,NA,0.00712676733237554,0.5,33721,0.494801798553877,1.71212835758499,0
"beta[477]",0,0,0,0,-0.00071838915775,0.0393569101424611,NA,0.000164757321342479,0.4,57063,0.185734467656832,1.28832907022529,0
"beta[478]",0,0,0,0,0.055805608522625,0.377330935894651,NA,0.00187566618768671,0.5,40470,0.265198508083676,1.34389129108613,0
"beta[479]",0,0,0,0,0.000551686886375,0.0272085170540555,NA,0.000117317603117612,0.4,53788,0.188165652109749,1.25563594650786,0
"beta[480]",0,0,0,0,0.076111029094,0.392509267749676,NA,0.00160236879545601,0.4,60003,0.246234947821407,1.38976024307938,0
"beta[481]",0,0,0,0,0.002404266933375,0.056024083529217,NA,0.000266487946072156,0.5,44197,0.226814155990413,1.29111007802109,0
"beta[482]",0,0,0,0,0.019240449335,0.171462753188249,NA,0.000699940447753273,0.4,60009,0.243667011475113,1.32175392216721,0
"beta[483]",0,0,0,0,-5.629057e-06,0.0035876561932605,NA,1.26842801140996e-05,0.4,80000,-4.70475233863157e-05,1.08169692358958,0
"beta[484]",0,0,0,0,7.6174817375e-05,0.0072559514419562,NA,2.90798456018851e-05,0.4,62259,-0.000124013254834958,1.1846480590706,0
"beta[485]",0,0,0,0,0.006135817443125,0.107280396184488,NA,0.000518223995014627,0.5,42855,0.242862636783589,1.28819179680141,0
"beta[486]",0,0,0,0,-0.00112341472025,0.0319984612693435,NA,0.000154284006616897,0.5,43015,0.182600571222549,1.20221492156079,0
"beta[487]",0,0,0,0,-0.0915536940103749,0.594178708663781,NA,0.00254133942176288,0.4,54665,0.248067389255519,1.3509642024662,0
"beta[488]",0,0,0,0,-5.79773500000006e-07,0.00813574511249046,NA,3.15088835298546e-05,0.4,66670,-2.82857915330943e-05,1.21404276846511,0
"beta[489]",0,0,0,0,2.380250375e-05,0.010674134546483,NA,4.8771459714887e-05,0.5,47900,-0.000171560568180831,1.16509388103707,0
"beta[490]",0,0,0,0,-0.000165761678375,0.010428957205036,NA,4.27866872151856e-05,0.4,59411,-0.000320330751245852,1.11930355976851,0
"beta[491]",0,0,0,0,-0.02276575491225,0.201891751745245,NA,0.000965159820041383,0.5,43756,0.241408000366488,1.32142458252026,0
"beta[492]",0,0,0,0,-0.000256894815125,0.0162247324926931,NA,6.47119509759407e-05,0.4,62862,0.00242322906722126,1.28044080857992,0
"beta[493]",0,0,0,0,-0.000199138172625,0.0103632496465006,NA,4.14134098830672e-05,0.4,62620,0.00997551487153344,1.27766538695481,0
"beta[494]",0,0,0,0,-0.039140487365,0.310776183696739,NA,0.00163123737345877,0.5,36296,0.475916436243646,1.30546138344468,0
"beta[495]",0,0,0,3.83708,0.519650812520375,1.29336905329203,NA,0.00646636989737847,0.5,40006,0.495796420976625,1.63695757753162,0
"beta[496]",0,0,0,0,0.000133002820525,0.0199630115089318,NA,9.48636706253988e-05,0.5,44285,0.0368037902208519,1.10993218397954,0
"beta[497]",0,0,0,0,9.211127475e-05,0.0112809442334149,NA,4.85186193764703e-05,0.4,54060,0.0420602145138779,1.27608211571626,0
"beta[498]",0,0,0,0,-8.8801931825e-05,0.0103223995086457,NA,4.69659727248547e-05,0.5,48305,-0.000208960863310651,1.17716022715792,0
"beta[499]",0,0,0,0,-5.96017673750002e-05,0.0128479168135063,NA,5.92863044911849e-05,0.5,46963,0.0574710420988045,1.13712851580035,0
"beta[500]",0,0,0,0,-3.6264994e-05,0.00807312182449144,NA,3.11643606719612e-05,0.4,67107,-4.92818515597443e-05,1.25176716235898,0
